LocationID,City,ZipCode,Lattitude,Longitude
1,Frazier Park,93225,34.827663,-118.99907
2,Glendale,91206,34.162514,-118.20387
3,Costa Mesa,92627,33.64567,-117.922615
4,Martinez,94553,38.014458,-122.11543
5,Camarillo,93010,34.227844,-119.0799
6,Midpines,95345,37.581497,-119.97276
7,Lompoc,93437,34.757477,-120.55051
8,Napa,94558,38.489788,-122.27011
9,Simi Valley,93063,34.296814,-118.6857
10,Sheridan,95681,38.984756,-121.34508
11,Rancho Santa Fe,92091,32.99356,-117.20712
12,Sunnyvale,94086,37.37854,-122.020454
13,Antelope,95843,38.7155,-121.36341
14,La Mesa,91942,32.7825,-117.01611
15,Los Olivos,93441,34.70434,-120.02609
16,Woodlake,93286,36.464634,-119.094345
17,Point Reyes Station,94956,38.060265,-122.83064
18,San Marcos,92078,33.119026,-117.16604
19,Daly City,94015,37.680843,-122.48131
20,Morgan Hill,95037,37.161545,-121.64937
21,Ahwahnee,93601,37.375816,-119.73994
22,Carnelian Bay,96140,39.227432,-120.091805
23,Alpaugh,93201,35.869625,-119.49877
24,Keeler,93530,36.560497,-117.96246
25,Korbel,95550,40.7666,-123.80458
26,Palomar Mountain,92060,33.309853,-116.82309
27,Parlier,93648,36.62224,-119.521126
28,Modesto,95358,37.612614,-121.10857
29,Glen Ellen,95442,38.368744,-122.522644
30,Eureka,95503,40.73743,-124.108894
31,Moss Beach,94038,37.515556,-122.50231
32,Los Angeles,90058,34.001617,-118.222275
33,Los Angeles,90063,34.04427,-118.185234
34,Calexico,92231,32.690655,-115.43123
35,Redding,96003,40.67765,-122.29467
36,San Martin,95046,37.084698,-121.606415
37,Stockton,95209,38.04452,-121.348045
38,Los Angeles,90003,33.96413,-118.27278
39,Huntington Park,90255,33.97803,-118.21714
40,Yermo,92398,35.013298,-116.83409
41,San Diego,92129,32.961063,-117.13492
42,Fremont,94539,37.516792,-121.89912
43,Santa Rosa,95405,38.439697,-122.668816
44,San Jose,95126,37.32707,-121.91682
45,Tujunga,91042,34.296574,-118.24484
46,Visalia,93291,36.391777,-119.37284
47,Lodi,95240,38.123543,-121.15908
48,El Portal,95318,37.654552,-119.82298
49,Calistoga,94515,38.62962,-122.593216
50,Farmington,95230,37.956963,-120.86305
51,Tulelake,96134,41.813522,-121.49267
52,Coleville,96107,38.42528,-119.47574
53,Ojai,93023,34.581306,-118.931946
54,Desert Hot Springs,92241,33.832798,-116.25098
55,North Hollywood,91605,34.207294,-118.400024
56,Inverness,94937,38.099323,-122.945724
57,Santa Rosa,95404,38.52694,-122.7091
58,San Jose,95131,37.387028,-121.89777
59,Wilmington,90744,33.782066,-118.26226
60,Modesto,95357,37.670525,-120.87757
61,San Diego,92113,32.697098,-117.116585
62,Rancho Palos Verdes,90275,33.753147,-118.36746
63,Kenwood,95452,38.419525,-122.52158
64,West Point,95255,38.41935,-120.46954
65,Los Angeles,90062,34.00355,-118.30893
66,Morongo Valley,92256,34.097862,-116.59456
67,Palo Verde,92266,33.3249,-114.75833
68,Valyermo,93563,34.39583,-117.734566
69,Cambria,93428,35.59139,-121.03226
70,Round Mountain,96084,40.923557,-122.05994
71,Klamath,95548,41.57281,-124.03501
72,Fresno,93650,36.841656,-119.79711
73,Angwin,94508,38.542446,-122.41992
74,Le Grand,95333,37.24938,-120.24958
75,Redway,95560,40.142258,-123.85293
76,San Diego,92122,32.85723,-117.20977
77,Monterey Park,91755,34.04917,-118.11502
78,Big Oak Flat,95305,37.81859,-120.256996
79,Stevenson Ranch,91381,34.364155,-118.615585
80,North Highlands,95660,38.671295,-121.38825
81,La Puente,91746,34.038982,-117.99137
82,Glenhaven,95443,39.045246,-122.74318
83,Alhambra,91803,34.074738,-118.14596
84,Santa Monica,90403,34.03153,-118.49116
85,Los Angeles,90001,33.973618,-118.24902
86,Fairfield,94533,38.287136,-122.02711
87,Stockton,95204,37.9745,-121.319565
88,Temecula,92592,33.507256,-117.02947
89,Fallbrook,92028,33.362576,-117.299644
90,Randsburg,93554,35.405724,-117.77335
91,Atascadero,93422,35.45391,-120.69461
92,Planada,95365,37.329723,-120.3064
93,Moorpark,93021,34.312946,-118.85817
94,Solvang,93463,34.624397,-120.13788
95,La Mirada,90638,33.902046,-118.008965
96,Boron,93516,34.95703,-117.73045
97,Desert Center,92239,33.889606,-115.25701
98,Crows Landing,95313,37.435665,-121.04906
99,Tuolumne,95379,37.93977,-120.188
100,San Diego,92120,32.807865,-117.06099
101,Auburn,95603,38.91288,-121.08276
102,Fresno,93725,36.62363,-119.741325
103,Del Rey,93616,36.657463,-119.59529
104,Redwood City,94065,37.527496,-122.23094
105,Landers,92285,34.341736,-116.53941
106,Hawthorne,90250,33.914776,-118.34808
107,Oceano,93445,35.059696,-120.604744
108,Armona,93202,36.31598,-119.71085
109,Clarksburg,95612,38.384647,-121.5787
110,Irvine,92620,33.716137,-117.75257
111,Scotts Valley,95066,37.070175,-122.01008
112,Salida,95368,37.713154,-121.08739
113,Mckinleyville,95519,40.96501,-124.01526
114,Atherton,94027,37.454926,-122.20317
115,Huntington Beach,92649,33.721916,-118.043236
116,Calimesa,92320,33.982788,-117.057625
117,Daly City,94014,37.691563,-122.445206
118,Middletown,95461,38.787445,-122.58675
119,Berkeley,94705,37.8589,-122.24051
120,Lost Hills,93249,35.637714,-119.89307
121,Garden Grove,92844,33.766476,-117.969795
122,Indio,92203,33.752937,-116.23006
123,Oxnard,93033,34.156628,-119.11722
124,Escondido,92027,33.141266,-116.967224
125,Moreno Valley,92553,33.92315,-117.244934
126,Chino,91710,33.990646,-117.663025
127,Sacramento,95820,38.53508,-121.444145
128,San Diego,92117,32.825085,-117.199425
129,Turlock,95380,37.474396,-120.875916
130,Groveland,95321,37.90297,-119.66754
131,Los Gatos,95033,37.160194,-121.94561
132,Clovis,93611,36.917652,-119.59376
133,Hyampom,96046,40.648026,-123.46509
134,Woodland Hills,91364,34.153732,-118.59341
135,Livingston,95334,37.361988,-120.74839
136,Tulare,93274,36.18547,-119.375244
137,Buellton,93427,34.631363,-120.23822
138,Palmdale,93552,34.557713,-118.02944
139,Midway City,92655,33.74444,-117.98588
140,Folsom,95630,38.672638,-121.1474
141,Oakland,94619,37.787186,-122.14633
142,San Anselmo,94960,37.99272,-122.57503
143,Duarte,91010,34.145695,-117.95982
144,Lake Elsinore,92530,33.655422,-117.391754
145,San Clemente,92672,33.42949,-117.60943
146,Los Angeles,90004,34.07626,-118.310715
147,Downey,90241,33.940884,-118.12863
148,Bodega Bay,94923,38.377167,-123.03796
149,Challenge,95925,39.46177,-121.19582
150,Ludlow,92338,34.702766,-116.093376
151,Santa Clara,95051,37.34813,-121.98469
152,Perris,92571,33.82829,-117.20167
153,Fortuna,95540,40.58499,-124.121506
154,San Dimas,91773,34.10212,-117.81553
155,Rescue,95672,38.724323,-120.991234
156,Clio,96106,39.745804,-120.58088
157,Lotus,95651,38.815514,-120.917
158,Lompoc,93436,34.601055,-120.38292
159,Pilot Hill,95664,38.80373,-121.0438
160,San Francisco,94133,37.80207,-122.411
161,Mission Hills,91345,34.266388,-118.45975
162,Los Angeles,90040,33.994522,-118.149956
163,Harbor City,90710,33.798267,-118.30024
164,San Francisco,94108,37.792,-122.40865
165,Inglewood,90301,33.956444,-118.358635
166,Los Angeles,90015,34.039223,-118.2663
167,Pescadero,94060,37.22565,-122.29753
168,Aromas,95004,36.878365,-121.62978
169,Badger,93603,36.64545,-118.92498
170,Death Valley,92328,36.27688,-117.033325
171,La Puente,91744,34.03144,-117.93644
172,Riverdale,93656,36.45221,-119.94575
173,San Francisco,94104,37.79122,-122.402245
174,Berry Creek,95916,39.657227,-121.37778
175,Fulton,95439,38.49389,-122.77714
176,Capitola,95010,36.977024,-121.952866
177,San Diego,92109,32.787834,-117.232376
178,Claremont,91711,34.12762,-117.717865
179,Glendale,91207,34.182377,-118.262924
180,Gardena,90248,33.87648,-118.28408
181,San Francisco,94134,37.72105,-122.413574
182,San Diego,92126,32.886925,-117.15216
183,Santa Ana,92703,33.748634,-117.90613
184,Snelling,95369,37.52171,-120.42684
185,Darwin,93522,36.31918,-117.593056
186,San Bernardino,92404,34.183285,-117.221725
187,Garberville,95542,40.057785,-123.67946
188,Long Beach,90807,33.830097,-118.182236
189,Upland,91784,34.141148,-117.65559
190,El Dorado Hills,95762,38.684437,-121.05563
191,Santa Rosa,95403,38.48843,-122.75284
192,Malibu,90265,34.074574,-118.831184
193,Santa Rosa,95401,38.460518,-122.79034
194,Oxnard,93035,34.18454,-119.22466
195,Palmdale,93591,34.59822,-117.79593
196,Covina,91723,34.084747,-117.88684
197,San Lucas,93954,36.12553,-120.86444
198,Hoopa,95546,41.163635,-123.70484
199,Long Beach,90802,33.752525,-118.21074
200,Samoa,95564,40.809635,-124.18998
201,Burnt Ranch,95527,40.85451,-123.450096
202,Milford,96121,40.18128,-120.39297
203,Anderson,96007,40.44863,-122.306656
204,San Diego,92123,32.808815,-117.1347
205,Santa Margarita,93453,35.303925,-120.25657
206,Orange,92869,33.79279,-117.78975
207,Los Angeles,90033,34.050198,-118.210945
208,San Jose,95111,37.284264,-121.827675
209,Ione,95640,38.33788,-120.9542
210,San Mateo,94404,37.556095,-122.27244
211,Los Angeles,90034,34.03058,-118.39961
212,San Francisco,94130,37.820892,-122.36973
213,Santa Cruz,95062,36.974575,-121.99115
214,Winchester,92596,33.657433,-117.04254
215,El Cajon,92021,32.832706,-116.87326
216,Sherman Oaks,91403,34.14715,-118.46336
217,Norco,92860,33.925835,-117.55964
218,Thornton,95686,38.157795,-121.520226
219,Lake Hughes,93532,34.65958,-118.58421
220,Paramount,90723,33.89712,-118.16443
221,San Juan Capistrano,92675,33.521446,-117.602554
222,Copperopolis,95228,37.943954,-120.67108
223,Covina,91724,34.08111,-117.853935
224,Colusa,95932,39.273094,-122.050766
225,Cypress,90630,33.818478,-118.03831
226,Sacramento,95814,38.584503,-121.49196
227,Lancaster,93534,34.727528,-118.1531
228,Orange,92867,33.81859,-117.82129
229,Gonzales,93926,36.52588,-121.39672
230,Los Angeles,90045,33.954018,-118.40245
231,San Ysidro,92173,32.55583,-117.04007
232,Novato,94949,38.067204,-122.524
233,Gilroy,95020,37.03889,-121.52895
234,Oak Park,91377,34.19225,-118.77687
235,South San Francisco,94080,37.654434,-122.42647
236,Vernalis,95385,37.609097,-121.26338
237,San Jose,95117,37.31109,-121.961784
238,Sunnyvale,94089,37.421635,-122.00961
239,Newport Beach,92660,33.634624,-117.874886
240,Stanford,94305,37.424343,-122.16564
241,Los Angeles,90041,34.137413,-118.2076
242,Beverly Hills,90210,34.09989,-118.41434
243,Riverside,92503,33.890045,-117.45558
244,Los Alamitos,90720,33.79499,-118.06559
245,Fresno,93710,36.822716,-119.761826
246,Escondido,92025,33.08148,-117.03381
247,Gardena,90247,33.890854,-118.297966
248,Encinitas,92024,33.05458,-117.25665
249,Sacramento,95829,38.486504,-121.33405
250,South Dos Palos,93665,36.959732,-120.65352
251,Orick,95555,41.336353,-124.04436
252,San Jose,95118,37.255478,-121.88984
253,El Monte,91732,34.074493,-118.01462
254,Spreckels,93962,36.62464,-121.647194
255,Beverly Hills,90212,34.062096,-118.401505
256,La Habra,90631,33.94062,-117.9513
257,Visalia,93277,36.303795,-119.37565
258,San Francisco,94114,37.758083,-122.4348
259,Whittier,90602,33.97212,-118.02019
260,Long Beach,90822,33.778435,-118.118645
261,Stockton,95215,37.94628,-121.139496
262,Essex,92332,34.9436,-115.2879
263,Los Gatos,95030,37.222843,-121.98872
264,Grass Valley,95949,39.099205,-121.13796
265,San Jose,95112,37.343826,-121.88312
266,Fresno,93722,36.78979,-119.92989
267,Encino,91316,34.150352,-118.518295
268,Bellflower,90706,33.887676,-118.12729
269,Sonora,95370,37.982716,-120.343735
270,Highland,92346,34.129677,-117.154274
271,Los Angeles,90071,34.052917,-118.25518
272,Long Beach,90805,33.86462,-118.17963
273,Herlong,96113,40.198235,-120.18089
274,Petaluma,94954,38.23502,-122.557335
275,Mojave,93501,35.097324,-118.17129
276,Callahan,96014,41.388397,-122.79464
277,Bodega,94922,38.34328,-122.9755
278,Denair,95316,37.52472,-120.75798
279,Wrightwood,92397,34.358322,-117.61826
280,Monterey,93940,36.36274,-121.86968
281,Palo Alto,94301,37.444313,-122.149994
282,Jamestown,95327,37.84771,-120.48659
283,Campbell,95008,37.27969,-121.95457
284,Alderpoint,95511,40.166027,-123.584145
285,Garden Grove,92843,33.76402,-117.9315
286,Oak Run,96069,40.689243,-122.037025
287,Madison,95653,38.674274,-121.96187
288,Van Nuys,91406,34.195686,-118.49075
289,Escondido,92026,33.21846,-117.11691
290,Cedarville,96104,41.505917,-120.152504
291,Lomita,90717,33.79421,-118.31735
292,Kelseyville,95451,38.93496,-122.792244
293,Orangevale,95662,38.689175,-121.21844
294,Pinecrest,95364,38.22487,-119.75573
295,Beale Afb,95903,39.125313,-121.39228
296,Sacramento,95835,38.68507,-121.54371
297,Greenville,95947,40.160385,-120.83543
298,Fort Bragg,95437,39.455555,-123.683975
299,Mecca,92254,33.543835,-115.993904
300,Torrance,90504,33.867256,-118.330795
301,Victorville,92394,34.56706,-117.36233
302,Poway,92064,32.984394,-117.01345
303,Mount Hermon,95041,37.051167,-122.05619
304,Santa Barbara,93109,34.406258,-119.72694
305,Taylorsville,95983,40.053684,-120.74312
306,Pine Valley,91962,32.80067,-116.48336
307,Loma Mar,94021,37.266388,-122.26308
308,Bangor,95914,39.396584,-121.38029
309,Guinda,95637,38.830738,-122.196205
310,Riverside,92508,33.885498,-117.32496
311,Rancho Cordova,95742,38.591133,-121.16158
312,Sultana,93666,36.545353,-119.33853
313,Fort Irwin,92310,35.34924,-116.77028
314,La Mesa,91941,32.759327,-116.99726
315,Canyon Dam,95923,40.17131,-121.120605
316,San Jose,95116,37.350285,-121.85285
317,Topanga,90290,34.115192,-118.61017
318,Capay,95607,38.681652,-122.13057
319,Stanton,90680,33.80187,-117.99507
320,Sacramento,95818,38.556305,-121.49582
321,Stockton,95219,38.029728,-121.388
322,Felton,95018,37.08911,-122.06221
323,Lewiston,96052,40.704292,-122.8039
324,Sun Valley,91352,34.231052,-118.33831
325,Anza,92539,33.527603,-116.66655
326,Bell,90201,33.970345,-118.17137
327,Forest Ranch,95942,40.077026,-121.49417
328,Jamul,91935,32.695683,-116.798386
329,Azusa,91702,34.17449,-117.87068
330,Montgomery Creek,96065,40.877552,-121.88589
331,Lodi,95242,38.128086,-121.4078
332,Leggett,95585,39.87337,-123.74147
333,Rough And Ready,95975,39.225636,-121.156166
334,Petaluma,94952,38.23702,-122.77872
335,Hornitos,95325,37.479927,-120.23042
336,Dixon,95620,38.392822,-121.79992
337,Flournoy,96029,39.84784,-122.544556
338,Thermal,92274,33.53604,-116.119225
339,Lafayette,94549,37.907776,-122.12716
340,Pleasanton,94588,37.68505,-121.91206
341,Whitmore,96096,40.637104,-121.90695
342,Alameda,94502,37.724815,-122.224365
343,Herald,95638,38.313446,-121.123886
344,Guerneville,95446,38.52576,-123.01334
345,Imperial Beach,91932,32.579136,-117.11901
346,Benicia,94510,38.113533,-122.11926
347,Biola,93606,36.79888,-120.01951
348,Los Angeles,90049,34.091827,-118.49124
349,San Francisco,94112,37.720497,-122.443115
350,Chester,96020,40.243492,-121.15473
351,Hilmar,95324,37.394535,-120.89075
352,San Jose,95133,37.37186,-121.86035
353,Seeley,92273,32.790283,-115.68956
354,Penn Valley,95946,39.203815,-121.19584
355,San Jose,95148,37.339535,-121.777176
356,Bakersfield,93304,35.339794,-119.02355
357,Etna,96027,41.405193,-123.00857
358,Willows,95988,39.49399,-122.28636
359,Mather,95655,38.549824,-121.26672
360,Fairfax,94930,37.971752,-122.61187
361,Hydesville,95547,40.557316,-124.081665
362,Graton,95444,38.43436,-122.86891
363,Shafter,93263,35.490704,-119.286835
364,Whittier,90601,34.007355,-118.03368
365,San Simeon,93452,35.746483,-121.22336
366,Castro Valley,94552,37.72273,-122.02157
367,Olivehurst,95961,39.08257,-121.55325
368,Ranchita,92066,33.215252,-116.53633
369,Dunlap,93621,36.78921,-119.140335
370,Comptche,95427,39.23982,-123.56543
371,Vista,92084,33.22784,-117.20003
372,Soquel,95073,37.02367,-121.946465
373,Shasta Lake,96019,40.692524,-122.36987
374,North Hills,91343,34.238804,-118.4823
375,Rancho Cordova,95670,38.602722,-121.279915
376,Wasco,93280,35.65224,-119.4464
377,Garden Grove,92840,33.787167,-117.93189
378,Pasadena,91103,34.167465,-118.16533
379,Irvine,92618,33.667145,-117.73213
380,North Hollywood,91602,34.15136,-118.364784
381,Maywood,90270,33.98857,-118.18656
382,Newhall,91321,34.370377,-118.50412
383,Murphys,95247,38.147854,-120.440125
384,San Clemente,92673,33.4725,-117.584274
385,Ferndale,95536,40.4785,-124.30137
386,Arcata,95521,40.83996,-124.00375
387,Ceres,95307,37.55347,-120.95283
388,Elk Grove,95758,38.35363,-121.44195
389,Wilton,95693,38.39256,-121.22509
390,Douglas City,96024,40.58659,-122.90368
391,White Water,92282,33.972294,-116.6542
392,Smartville,95977,39.176594,-121.291695
393,Coarsegold,93614,37.212193,-119.74932
394,Merced,95348,37.40122,-120.51419
395,Aguanga,92536,33.482243,-116.82717
396,Alviso,95002,37.449535,-121.99481
397,Palm Springs,92264,33.745747,-116.51421
398,Rancho Cucamonga,91739,34.13381,-117.52373
399,Seaside,93955,36.625114,-121.82356
400,Orleans,95556,41.26952,-123.54696
401,Nevada City,95959,39.333736,-120.858665
402,Monte Rio,95462,38.47105,-123.01555
403,Chino Hills,91709,33.942894,-117.72565
404,Chowchilla,93610,37.10095,-120.270134
405,Phelan,92371,34.441124,-117.53789
406,Elk,95432,39.108253,-123.64512
407,Los Angeles,90065,34.108833,-118.22971
408,Bakersfield,93308,35.559616,-118.925186
409,Placentia,92870,33.881157,-117.85478
410,Branscomb,95417,39.71059,-123.6828
411,Fresno,93727,36.751488,-119.68072
412,Winters,95694,38.578606,-122.02458
413,Diamond Bar,91765,33.992416,-117.80788
414,Oro Grande,92368,34.64796,-117.29696
415,Buena Park,90620,33.845707,-118.01221
416,Richmond,94805,37.941456,-122.32097
417,Yreka,96097,41.76487,-122.67132
418,Los Angeles,90066,34.00203,-118.43066
419,Stockton,95203,37.95409,-121.32976
420,Elverta,95626,38.734997,-121.46372
421,Los Angeles,90023,34.017696,-118.20058
422,Westlake Village,91361,34.130993,-118.89468
423,Santa Barbara,93105,34.037342,-119.80079
424,Dutch Flat,95714,39.197216,-120.83679
425,San Diego,92103,32.747482,-117.16688
426,Mi Wuk Village,95346,38.1216,-120.13392
427,Milpitas,95035,37.441933,-121.8785
428,West Hollywood,90069,34.09378,-118.38106
429,Stockton,95207,38.002125,-121.32498
430,Madera,93637,36.902954,-120.194275
431,Half Moon Bay,94019,37.45567,-122.40799
432,Davis,95616,38.508736,-121.67881
433,Gold Run,95717,39.170376,-120.8384
434,Dos Rios,95429,39.75605,-123.3587
435,Manteca,95337,37.75082,-121.23843
436,Fresno,93706,36.654613,-119.90367
437,Los Angeles,90064,34.03725,-118.42358
438,Grover Beach,93433,35.120834,-120.61843
439,Redwood City,94062,37.41057,-122.29715
440,Downey,90240,33.956226,-118.120995
441,Covina,91722,34.097343,-117.90674
442,Mountain View,94040,37.38066,-122.08602
443,Fullerton,92833,33.87764,-117.96121
444,Adin,96006,41.171577,-120.91316
445,Butte City,95920,39.449795,-121.93637
446,Bakersfield,93309,35.34289,-119.064804
447,Inglewood,90305,33.958134,-118.3309
448,Kingsburg,93631,36.478237,-119.52137
449,Tarzana,91356,34.15714,-118.54851
450,Buena Park,90621,33.874226,-117.99337
451,Temecula,92590,33.475494,-117.21955
452,Cool,95614,38.880623,-120.97386
453,Pauma Valley,92061,33.313828,-116.9405
454,June Lake,93529,37.73027,-119.05582
455,Colton,92324,34.030914,-117.2732
456,Carmel Valley,93924,36.41461,-121.6386
457,Brawley,92227,33.03933,-115.19186
458,Big Bear Lake,92315,34.242058,-116.89802
459,Stockton,95202,37.959705,-121.28767
460,Pala,92059,33.384346,-117.07262
461,Anaheim,92805,33.830208,-117.9061
462,Oakland,94618,37.84551,-122.23518
463,San Francisco,94102,37.7795,-122.419235
464,Newman,95360,37.343845,-121.03939
465,Valley Village,91607,34.165783,-118.399796
466,Tustin,92780,33.7358,-117.8188
467,Los Angeles,90026,34.07899,-118.2638
468,Pasadena,91101,34.146633,-118.13922
469,San Diego,92105,32.74186,-117.090355
470,Fullerton,92835,33.90221,-117.914925
471,Bishop,93514,37.04584,-118.39724
472,Grenada,96038,41.59998,-122.53938
473,Foothill Ranch,92610,33.698727,-117.67768
474,Palm Desert,92211,33.76276,-116.324814
475,Woodland,95776,38.69408,-121.69443
476,Rohnert Park,94928,38.34719,-122.69782
477,Corona Del Mar,92625,33.600986,-117.86273
478,Kettleman City,93239,35.99692,-120.00095
479,Altadena,91001,34.19684,-118.142235
480,Los Angeles,90059,33.927254,-118.249825
481,Posey,93260,35.861927,-118.636696
482,Los Angeles,90068,34.13741,-118.32892
483,Laytonville,95454,39.80614,-123.5311
484,Los Angeles,90047,33.95815,-118.30844
485,Orange,92866,33.784595,-117.844536
486,Cutler,93615,36.497894,-119.285484
487,Alameda,94501,37.77463,-122.27444
488,San Francisco,94107,37.768883,-122.39552
489,San Diego,92128,33.00027,-117.07209
490,Mission Viejo,92691,33.611946,-117.66587
491,Surfside,90743,33.72827,-118.085304
492,Newport Beach,92661,33.60131,-117.902306
493,Los Angeles,90036,34.07029,-118.34919
494,Helendale,92342,34.757782,-117.33997
495,North Palm Springs,92258,33.906494,-116.569496
496,Shingle Springs,95682,38.598934,-120.96309
497,Saratoga,95070,37.25777,-122.05183
498,Concord,94518,37.95025,-122.02245
499,Woodacre,94973,38.00584,-122.63815
500,North Hollywood,91606,34.1876,-118.38712
501,West Covina,91792,34.024406,-117.89872
502,Concord,94519,37.990116,-122.01219
503,San Francisco,94132,37.7223,-122.49113
504,Trinidad,95570,41.162296,-124.02738
505,Sacramento,95830,38.49051,-121.28417
506,Cassel,96016,40.936283,-121.57269
507,Pixley,93256,35.95702,-119.330925
508,Columbia,95310,38.08584,-120.37855
509,Sheep Ranch,95250,38.244804,-120.4173
510,Hamilton City,95951,39.732765,-122.0423
511,San Luis Obispo,93401,35.233746,-120.62644
512,Pine Grove,95665,38.400265,-120.64127
513,Livermore,94550,37.571747,-121.65956
514,Lucerne Valley,92356,34.508415,-116.8561
515,Honeydew,95545,40.34293,-124.06333
516,San Diego,92104,32.7415,-117.12741
517,Coalinga,93210,36.186867,-120.387794
518,Cressey,95312,37.420273,-120.66527
519,Burney,96013,40.946785,-121.71949
520,River Pines,95675,38.545776,-120.743324
521,Los Angeles,90048,34.072945,-118.37267
522,Los Angeles,90039,34.110844,-118.2596
523,Forks Of Salmon,96031,41.23213,-123.19475
524,Marina Del Rey,90292,33.977467,-118.44547
525,Loomis,95650,38.809174,-121.17137
526,Redding,96001,40.587917,-122.46473
527,Pittsburg,94565,38.006046,-121.91683
528,Clearlake Oaks,95423,39.07116,-122.59854
529,Sun City,92585,33.73941,-117.17333
530,Lakewood,90713,33.847755,-118.11253
531,Paradise,95969,39.69676,-121.64438
532,Alta,95701,39.218098,-120.79153
533,San Jose,95129,37.305622,-122.000885
534,Los Molinos,96055,40.059383,-122.091484
535,Oakland,94601,37.776524,-122.21927
536,Calpine,96124,39.672813,-120.456696
537,Big Bar,96010,40.775272,-123.287415
538,Dos Palos,93620,37.045727,-120.630684
539,Mokelumne Hill,95245,38.304195,-120.59243
540,Chico,95973,39.90327,-121.84357
541,Santa Ana,92701,33.748478,-117.85892
542,Hesperia,92345,34.361385,-117.33751
543,Vacaville,95688,38.419086,-122.02457
544,Encino,91436,34.152874,-118.48605
545,Palmdale,93551,34.613476,-118.256355
546,Woodland Hills,91367,34.178066,-118.615715
547,Jolon,93928,35.930782,-121.18976
548,Mountain View,94043,37.419724,-122.06295
549,Clearlake,95422,38.965805,-122.63178
550,Novato,94947,38.112167,-122.634384
551,Agoura Hills,91301,34.12906,-118.75979
552,Oakland,94621,37.750553,-122.197174
553,Pleasant Grove,95668,38.833553,-121.4981
554,Thousand Palms,92276,33.849262,-116.382774
555,Bodfish,93205,35.52399,-118.40043
556,Monrovia,91016,34.1528,-118.00048
557,Castaic,91384,34.506626,-118.69905
558,Fiddletown,95629,38.513485,-120.70461
559,Squaw Valley,93675,36.71914,-119.202675
560,Santa Ynez,93460,34.630356,-120.03256
561,Forbestown,95941,39.53103,-121.24807
562,Wilseyville,95257,38.392685,-120.415955
563,Corona,92883,33.762352,-117.48872
564,Junction City,96048,40.913193,-123.06597
565,Escondido,92029,33.079834,-117.13428
566,Los Angeles,90029,34.089954,-118.29482
567,San Diego,92121,32.898613,-117.202934
568,Port Hueneme,93041,34.110123,-119.100975
569,Garden Grove,92841,33.78674,-117.98257
570,Clements,95227,38.227283,-121.02789
571,Lawndale,90260,33.88856,-118.351814
572,Santee,92071,32.847336,-116.997604
573,Acampo,95220,38.20023,-121.23503
574,South El Monte,91733,34.04622,-118.05376
575,San Diego,92101,32.72523,-117.17135
576,Nicolaus,95659,38.7889,-121.60863
577,Plymouth,95669,38.489273,-120.89162
578,Burbank,91504,34.21305,-118.31765
579,Sierra City,96125,39.600597,-120.63636
580,Fresno,93703,36.768772,-119.762634
581,Parker Dam,92267,34.273872,-114.1929
582,Zenia,95595,40.170357,-123.4173
583,Fresno,93711,36.833,-119.82947
584,Guatay,91931,32.857944,-116.56192
585,Cobb,95426,38.83809,-122.73203
586,Hayward,94544,37.639214,-122.03755
587,San Jose,95123,37.238758,-121.82838
588,Glendale,91208,34.195385,-118.23851
589,San Gregorio,94074,37.33176,-122.341446
590,Colfax,95713,39.084644,-120.89401
591,Los Angeles,90028,34.09987,-118.32684
592,Whittier,90604,33.929703,-118.01208
593,Sacramento,95831,38.49483,-121.52945
594,Los Angeles,90024,34.066303,-118.43548
595,Hayward,94541,37.674004,-122.0768
596,Mendocino,95460,39.305546,-123.7437
597,San Francisco,94127,37.736534,-122.45732
598,Los Angeles,90021,34.02904,-118.2395
599,Rosemead,91770,34.06511,-118.082794
600,Rancho Cucamonga,91730,34.10097,-117.57882
601,El Dorado,95623,38.63153,-120.842606
602,Angelus Oaks,92305,34.1678,-116.86433
603,Portola,96122,39.786755,-120.445625
604,Westwood,96137,40.271534,-121.01809
605,San Diego,92116,32.7653,-117.12257
606,Concord,94520,38.013824,-122.03915
607,Shaver Lake,93664,37.223,-119.00102
608,Bridgeport,93517,38.18458,-119.28656
609,Lee Vining,93541,37.890144,-119.18409
610,Fawnskin,92333,34.274845,-116.937584
611,Boonville,95415,39.025867,-123.381546
612,La Palma,90623,33.850506,-118.039894
613,Magalia,95954,39.933853,-121.58437
614,French Gulch,96033,40.74014,-122.58748
615,Corona,92881,33.833687,-117.51306
616,Woodbridge,95258,38.169605,-121.31097
617,San Pedro,90732,33.744118,-118.31448
618,Pioneertown,92268,34.201107,-116.59345
619,Spring Valley,91977,32.726627,-116.994606
620,Mission Viejo,92692,33.60693,-117.64426
621,Berkeley,94709,37.878555,-122.26609
622,Twain Harte,95383,38.10744,-120.23062
623,Berkeley,94702,37.86601,-122.286224
624,Richgrove,93261,35.80992,-119.12743
625,Klamath River,96050,41.816593,-122.94829
626,Oakley,94561,37.999405,-121.68624
627,Grimes,95950,39.03306,-121.89572
628,Winnetka,91306,34.209534,-118.57756
629,San Jacinto,92582,33.80671,-117.02007
630,Porter Ranch,91326,34.28191,-118.55622
631,Los Angeles,90056,33.987946,-118.370445
632,Ocotillo,92259,32.698963,-115.88666
633,Los Angeles,90032,34.07882,-118.177574
634,San Lorenzo,94580,37.67625,-122.132416
635,Sunset Beach,90742,33.71922,-118.07359
636,Hood,95639,38.375324,-121.507935
637,Byron,94514,37.83323,-121.60146
638,Moreno Valley,92551,33.88274,-117.22488
639,Coachella,92236,33.68003,-116.17168
640,Vallecito,95251,38.05556,-120.4563
641,Farmersville,93223,36.29878,-119.20103
642,San Diego,92107,32.74185,-117.243454
643,Chico,95926,39.745712,-121.84333
644,Boulder Creek,95006,37.171726,-122.14296
645,Oregon House,95962,39.342587,-121.24983
646,Santa Ana,92707,33.71483,-117.87294
647,Glendale,91201,34.17051,-118.28946
648,Fall River Mills,96028,41.01728,-121.46895
649,South Pasadena,91030,34.110443,-118.15696
650,Fresno,93704,36.79965,-119.80125
651,Shoshone,92384,35.92425,-116.18867
652,Santa Monica,90402,34.03585,-118.50351
653,Brookdale,95007,37.106903,-122.100006
654,Desert Hot Springs,92240,33.94856,-116.516975
655,Los Angeles,90010,34.062126,-118.31571
656,Cathedral City,92234,33.829582,-116.47413
657,Torrance,90501,33.8337,-118.314384
658,Palermo,95968,39.435757,-121.55207
659,Santa Clara,95050,37.351215,-121.952415
660,Amador City,95601,38.431408,-120.8421
661,Lindsay,93247,36.205463,-119.08581
662,Happy Camp,96039,41.8319,-123.48748
663,Lockwood,93932,35.98979,-121.05593
664,Capistrano Beach,92624,33.458755,-117.66511
665,Big Creek,93605,37.17277,-119.2997
666,Friant,93626,37.027664,-119.69056
667,Lakehead,96051,40.883854,-122.41826
668,Rodeo,94572,38.027218,-122.23463
669,Redwood City,94061,37.46125,-122.23541
670,Grizzly Flats,95636,38.6361,-120.52215
671,Perris,92570,33.787296,-117.32068
672,Brisbane,94005,37.684692,-122.40712
673,San Joaquin,93660,36.600193,-120.1534
674,San Diego,92111,32.80552,-117.16905
675,Los Angeles,90077,34.102085,-118.45163
676,Imperial,92251,32.858597,-115.66271
677,San Miguel,93451,35.88677,-120.60866
678,Avila Beach,93424,35.186646,-120.7283
679,Hemet,92544,33.644585,-116.871544
680,Palos Verdes Peninsula,90274,33.788208,-118.40495
681,Wendel,96136,40.345947,-120.081184
682,Fremont,94536,37.572273,-121.964584
683,Los Angeles,90007,34.027336,-118.28515
684,Somes Bar,95568,41.444607,-123.47189
685,Redding,96002,40.527836,-122.31875
686,Greenbrae,94904,37.946617,-122.56357
687,Los Angeles,90017,34.05284,-118.264496
688,Windsor,95492,38.527298,-122.81004
689,San Diego,92127,33.017517,-117.118454
690,Ontario,91761,34.035603,-117.59153
691,Seal Beach,90740,33.75462,-118.07113
692,Janesville,96114,40.294033,-120.51262
693,Lemon Grove,91945,32.733562,-117.033714
694,North Hollywood,91601,34.1692,-118.3725
695,Jenner,95450,38.505997,-123.18702
696,Montara,94037,37.54058,-122.5096
697,Los Angeles,90067,34.057495,-118.413956
698,San Diego,92130,32.957195,-117.202545
699,La Grange,95329,37.666588,-120.411514
700,San Diego,92106,32.71346,-117.23638
701,Alamo,94507,37.855717,-121.99481
702,Madera,93638,37.004066,-119.93002
703,Stonyford,95979,39.288128,-122.41584
704,Phillipsville,95559,40.184093,-123.74548
705,Forest Knolls,94933,38.010094,-122.689445
706,Rancho Cucamonga,91737,34.24529,-117.6425
707,Yorkville,95494,38.88835,-123.23965
708,Volcano,95689,38.481903,-120.60367
709,Montrose,91020,34.2112,-118.23062
710,West Sacramento,95691,38.627953,-121.593285
711,Ladera Ranch,92694,33.569187,-117.64005
712,Rio Dell,95562,40.485847,-124.16323
713,Redlands,92374,34.06407,-117.16616
714,Somis,93066,34.297626,-119.014626
715,National City,91950,32.67102,-117.09524
716,Mc Farland,93250,35.666885,-119.186714
717,Santa Clara,95054,37.393555,-121.96511
718,Old Station,96071,40.65629,-121.42896
719,Pinon Hills,92372,34.459324,-117.62973
720,Hinkley,92347,34.983807,-117.2393
721,Fellows,93224,35.215733,-119.57013
722,Prather,93651,37.007236,-119.50566
723,Emeryville,94608,37.83726,-122.28765
724,Pearblossom,93553,34.44524,-117.89487
725,Carson,90746,33.859173,-118.25227
726,Sequoia National Park,93262,36.527245,-118.59494
727,Los Angeles,90044,33.952713,-118.29206
728,Pacoima,91331,34.255444,-118.42131
729,Kings Beach,96143,39.246655,-120.029274
730,Canby,96015,41.486954,-120.91398
731,Lake Forest,92630,33.644848,-117.68426
732,Riverside,92507,33.97633,-117.319786
733,Corona,92880,33.91804,-117.617805
734,Canyon Country,91351,34.42252,-118.420715
735,Aliso Viejo,92656,33.57126,-117.73192
736,San Diego,92115,32.762505,-117.07245
737,Cottonwood,96022,40.33639,-122.44853
738,Mad River,95552,40.3903,-123.41233
739,Castro Valley,94546,37.70833,-122.08347
740,Firebaugh,93622,36.785618,-120.62538
741,South Gate,90280,33.944626,-118.19261
742,Washington,95986,39.34128,-120.786865
743,Beverly Hills,90211,34.063946,-118.383
744,Redcrest,95569,40.363445,-123.83504
745,Standish,96128,40.346634,-120.38642
746,Modesto,95351,37.621456,-121.0123
747,San Ramon,94583,37.766556,-121.97678
748,Santa Monica,90401,34.01548,-118.49323
749,San Bernardino,92401,34.105934,-117.2914
750,Long Beach,90810,33.819813,-118.22242
751,Downey,90242,33.921795,-118.14059
752,San Diego,92154,32.578102,-117.01298
753,Riverside,92504,33.9108,-117.398155
754,Fullerton,92831,33.879982,-117.895485
755,Mount Shasta,96067,41.33832,-122.29076
756,Weldon,93283,35.55647,-118.24491
757,Rancho Santa Margarita,92688,33.624653,-117.61173
758,Alhambra,91801,34.090923,-118.12817
759,Oakdale,95361,37.785034,-120.77614
760,Culver City,90232,34.01932,-118.3919
761,Elk Grove,95624,38.43414,-121.30587
762,Irvine,92604,33.688545,-117.78809
763,Olympic Valley,96146,39.191795,-120.2124
764,Edwards,93523,34.966778,-117.96118
765,Deer Park,94576,38.554382,-122.47477
766,Lakeshore,93634,37.290607,-119.21633
767,Sacramento,95832,38.44594,-121.49686
768,Anaheim,92808,33.850452,-117.72667
769,Shasta,96087,40.617615,-122.51286
770,Sacramento,95816,38.574856,-121.46504
771,San Jose,95119,37.233227,-121.78809
772,Stockton,95212,38.049458,-121.21653
773,Walnut Creek,94598,37.91665,-122.008484
774,Fish Camp,93623,37.483536,-119.67941
775,Gerber,96035,40.03194,-122.176025
776,Los Angeles,90035,34.051807,-118.38384
777,Culver City,90230,33.99399,-118.39704
778,Coronado,92118,32.68674,-117.186615
779,Susanville,96130,40.559177,-120.612114
780,Del Mar,92014,32.94826,-117.25609
781,Oakland,94612,37.809013,-122.26974
782,Cantua Creek,93608,36.488056,-120.40769
783,Bethel Island,94511,38.050556,-121.64693
784,San Jose,95122,37.32886,-121.834564
785,Heber,92249,32.730583,-115.50108
786,San Jose,95130,37.27759,-121.98648
787,Victorville,92392,34.486835,-117.362274
788,San Diego,92110,32.76501,-117.19938
789,Niland,92257,33.345825,-115.59657
790,El Sobrante,94803,37.963997,-122.2883
791,Lynwood,90262,33.923573,-118.20067
792,Mentone,92359,34.103577,-117.04054
793,Freedom,95019,36.93623,-121.78556
794,San Ardo,93450,35.99601,-120.85305
795,San Diego,92124,32.827236,-117.08929
796,Arcadia,91007,34.128284,-118.04773
797,Ivanhoe,93235,36.38582,-119.22424
798,Nice,95464,39.12334,-122.838196
799,Citrus Heights,95621,38.69549,-121.30786
800,Los Angeles,90038,34.088017,-118.32717
801,Riverside,92501,33.994675,-117.3725
802,Los Angeles,90037,34.002644,-118.2876
803,Oakland,94611,37.828415,-122.216
804,Bakersfield,93305,35.39173,-118.98411
805,Studio City,91604,34.139084,-118.39275
806,Terra Bella,93270,35.939068,-119.04366
807,Orange Cove,93646,36.6335,-119.2989
808,Wheatland,95692,39.04339,-121.409836
809,Waterford,95386,37.669518,-120.62696
810,West Covina,91791,34.061634,-117.893166
811,Cedar Glen,92321,34.255203,-117.17565
812,Weed,96094,41.465122,-122.38094
813,Descanso,91916,32.912663,-116.63538
814,Fresno,93705,36.78724,-119.82781
815,Cupertino,95014,37.30661,-122.08062
816,Tecate,91980,32.58756,-116.63682
817,Santa Barbara,93111,34.460197,-119.802605
818,Chula Vista,91913,32.64164,-116.98502
819,Modesto,95354,37.63903,-120.964775
820,Palo Cedro,96073,40.582397,-122.19551
821,San Mateo,94401,37.59042,-122.306465
822,Baldwin Park,91706,34.098274,-117.9674
823,Meadow Vista,95722,39.003357,-121.02254
824,Soledad,93960,36.414215,-121.360596
825,Bakersfield,93301,35.383938,-119.02043
826,Hickman,95323,37.605927,-120.69955
827,Tehachapi,93561,35.073776,-118.652115
828,Sacramento,95821,38.625095,-121.38366
829,Santa Barbara,93101,34.419205,-119.71001
830,Long Beach,90804,33.783047,-118.1486
831,Pasadena,91104,34.165382,-118.12375
832,Auburn,95602,38.99003,-121.11441
833,Forestville,95436,38.499302,-122.92444
834,Richvale,95974,39.49577,-121.747475
835,Georgetown,95634,38.9386,-120.785515
836,Riverbank,95367,37.73497,-120.95427
837,Avery,95224,38.208336,-120.339935
838,Sacramento,95823,38.475464,-121.44363
839,Biggs,95917,39.45739,-121.8182
840,Nicasio,94946,38.065357,-122.665565
841,Torrance,90505,33.80788,-118.34795
842,Camp Nelson,93208,36.057457,-118.59195
843,Tahoe Vista,96148,39.24124,-120.05476
844,Brentwood,94513,37.90824,-121.68247
845,Acton,93510,34.501453,-118.20786
846,Manton,96059,40.426678,-121.85042
847,Stockton,95205,37.965694,-121.26005
848,Wallace,95254,38.192608,-120.95784
849,Temecula,92591,33.540604,-117.10909
850,Cazadero,95421,38.578808,-123.19338
851,Carlotta,95528,40.497284,-123.93037
852,Twin Bridges,95735,38.80548,-120.13287
853,Mira Loma,91752,33.999992,-117.53539
854,San Diego,92139,32.677715,-117.04767
855,La Quinta,92253,33.695534,-116.31057
856,Salinas,93907,36.77462,-121.66471
857,Creston,93432,35.480896,-120.469475
858,Turlock,95382,37.529655,-120.854355
859,Riverside,92506,33.93093,-117.361786
860,Los Angeles,90043,33.988544,-118.33408
861,Cotati,94931,38.326214,-122.71874
862,Fresno,93728,36.757343,-119.818275
863,Artesia,90701,33.86759,-118.080635
864,Los Angeles,90046,34.108456,-118.36208
865,Santa Barbara,93103,34.43858,-119.68537
866,Banning,92220,33.9363,-116.84958
867,Sanger,93657,36.81963,-119.440414
868,Los Gatos,95032,37.233032,-121.947426
869,Penryn,95663,38.859093,-121.18287
870,Glenn,95943,39.597977,-122.03225
871,Ontario,91762,34.057255,-117.66768
872,Newport Beach,92662,33.606335,-117.89304
873,Eureka,95501,40.79662,-124.15428
874,Oakhurst,93644,37.648647,-119.231445
875,Westport,95488,39.724434,-123.76758
876,Pasadena,91105,34.13946,-118.16665
877,Castroville,95012,36.78448,-121.759056
878,Ventura,93001,34.36026,-119.30638
879,Glendale,91202,34.167927,-118.26754
880,Bakersfield,93307,35.280113,-118.962326
881,Richmond,94804,37.921036,-122.3418
882,Dana Point,92629,33.477924,-117.705315
883,Gridley,95948,39.346897,-121.75954
884,San Jose,95139,37.218704,-121.76243
885,San Jose,95110,37.34667,-121.91002
886,Corcoran,93212,36.04533,-119.532425
887,Dorris,96023,41.949215,-122.050064
888,Vacaville,95687,38.333134,-121.92015
889,San Jose,95113,37.33385,-121.89114
890,Orange,92868,33.787796,-117.87593
891,Shandon,93461,35.634487,-120.29353
892,Loma Linda,92354,34.049316,-117.255974
893,Somerset,95684,38.606705,-120.58666
894,San Bernardino,92410,34.106922,-117.297554
895,San Bernardino,92408,34.084908,-117.25811
896,Upper Lake,95485,39.220367,-122.90769
897,Pasadena,91106,34.1394,-118.128654
898,Hayward,94545,37.62984,-122.12084
899,Pomona,91766,34.042286,-117.7561
900,Bradley,93426,35.842888,-121.00486
901,Sunnyvale,94087,37.3511,-122.03731
902,Santa Cruz,95064,37.00788,-122.06597
903,Cayucos,93430,35.511833,-120.91872
904,Pacific Palisades,90272,34.07945,-118.54831
905,Sacramento,95833,38.61905,-121.517555
906,Redlands,92373,34.003242,-117.13828
907,Valley Ford,94972,38.339996,-122.93506
908,Sacramento,95817,38.55072,-121.45731
909,Cerritos,90703,33.8681,-118.067406
910,Piercy,95587,39.955585,-123.681175
911,Johannesburg,93528,35.36334,-117.63764
912,Lancaster,93535,34.712708,-117.889656
913,San Jacinto,92583,33.79657,-116.92472
914,Lathrop,95330,37.80821,-121.3084
915,Point Arena,95468,38.9113,-123.60959
916,Pebble Beach,93953,36.587498,-121.94482
917,Gasquet,95543,41.86791,-123.79414
918,Keene,93531,35.21498,-118.59049
919,Belvedere Tiburon,94920,37.885628,-122.46858
920,Oroville,95965,39.62456,-121.552864
921,Potrero,91963,32.619465,-116.593605
922,Carmel,93923,36.46061,-121.85251
923,Placerville,95667,38.733715,-120.79521
924,Manchester,95459,38.966713,-123.58641
925,Smith River,95567,41.950684,-124.09709
926,Pioneer,95666,38.547,-120.27111
927,Monterey Park,91754,34.050323,-118.14703
928,Boulevard,91905,32.677097,-116.30499
929,El Segundo,90245,33.917145,-118.40155
930,Lakewood,90712,33.840523,-118.1484
931,Julian,92036,32.98068,-116.262856
932,Kyburz,95720,38.766037,-120.20967
933,Upland,91786,34.10549,-117.660934
934,Miramonte,93641,36.69676,-119.02405
935,The Sea Ranch,95497,38.69666,-123.43686
936,El Centro,92243,32.770393,-115.60915
937,Templeton,93465,35.536114,-120.73923
938,Burbank,91506,34.169704,-118.32355
939,Arnold,95223,38.32153,-120.23636
940,Greenwood,95635,38.921333,-120.89772
941,Los Angeles,90018,34.028736,-118.31724
942,San Marcos,92069,33.162624,-117.17086
943,Menlo Park,94025,37.44955,-122.18376
944,Stockton,95210,38.03322,-121.29743
945,Corona,92879,33.89382,-117.53145
946,Delhi,95315,37.422962,-120.765495
947,Igo,96047,40.524536,-122.64717
948,Modesto,95355,37.672905,-120.946594
949,Mariposa,95338,37.52679,-119.99437
950,Weott,95571,40.31012,-123.90945
951,San Gabriel,91775,34.114773,-118.08943
952,Exeter,93221,36.30169,-119.018234
953,Burbank,91501,34.18834,-118.30094
954,Cloverdale,95425,38.801937,-122.938934
955,Venice,90291,33.991783,-118.47923
956,Aptos,95003,37.01347,-121.87788
957,Northridge,91325,34.236683,-118.517586
958,Campo Seco,95226,38.23388,-120.861664
959,Menifee,92584,33.65334,-117.17827
960,Stevinson,95374,37.316807,-120.85575
961,Malibu,90263,34.037037,-118.7058
962,Westminster,92683,33.75259,-117.99366
963,Vallejo,94592,38.0937,-122.27659
964,Likely,96116,41.266006,-120.49073
965,Big Bend,96011,41.09657,-121.87908
966,Westmorland,92281,33.03679,-115.60503
967,West Covina,91790,34.066963,-117.937004
968,Los Angeles,90012,34.065876,-118.23873
969,Whittier,90606,33.976677,-118.06587
970,Diamond Springs,95619,38.683605,-120.81185
971,Los Angeles,90057,34.061916,-118.27794
972,Pasadena,91107,34.159008,-118.08736
973,Long Beach,90815,33.797638,-118.11662
974,Albion,95410,39.225693,-123.717354
975,Newport Coast,92657,33.603283,-117.82184
976,Santa Ysabel,92070,33.174725,-116.74333
977,Goleta,93117,34.489983,-120.09125
978,Burbank,91502,34.177265,-118.31003
979,San Pablo,94806,37.98027,-122.342636
980,Walnut,91789,34.018353,-117.85492
981,Isleton,95641,38.154823,-121.60136
982,Compton,90221,33.88581,-118.20646
983,Yuba City,95991,39.02741,-121.61498
984,Port Costa,94569,38.035706,-122.19682
985,Marysville,95901,39.19514,-121.50388
986,Healdsburg,95448,38.618347,-122.908424
987,Strawberry Valley,95981,39.58458,-121.093254
988,Navarro,95463,39.182915,-123.552574
989,Ramona,92065,33.04454,-116.83392
990,Los Angeles,90025,34.046173,-118.446335
991,Cabazon,92230,33.929813,-116.76058
992,Rio Vista,94571,38.14886,-121.73769
993,Danville,94526,37.81546,-121.9772
994,Sacramento,95834,38.64621,-121.52446
995,San Francisco,94116,37.74441,-122.48676
996,Millbrae,94030,37.60125,-122.4031
997,Pomona,91767,34.083084,-117.738
998,Needles,92363,34.711224,-114.702255
999,Carson,90745,33.822296,-118.26411
1000,Camino,95709,38.748318,-120.675514
1001,Chatsworth,91311,34.294144,-118.60388
1002,San Mateo,94402,37.556633,-122.317726
1003,Norwalk,90650,33.905964,-118.08263
1004,Weaverville,96093,40.7594,-122.93934
1005,Davis,95618,38.544003,-121.68556
1006,Anaheim,92801,33.844982,-117.95215
1007,San Leandro,94579,37.687263,-122.15728
1008,Walnut Creek,94596,37.90066,-122.05278
1009,Chilcoot,96105,39.87296,-120.198875
1010,Hume,93628,36.807594,-118.90154
1011,San Leandro,94577,37.717197,-122.15934
1012,San Rafael,94903,38.018066,-122.54602
1013,Los Angeles,90014,34.043144,-118.251976
1014,Dublin,94568,37.713924,-121.92843
1015,Caruthers,93609,36.5276,-119.866
1016,Clovis,93612,36.81454,-119.71187
1017,Grass Valley,95945,39.19454,-120.98807
1018,Costa Mesa,92626,33.678593,-117.90547
1019,San Jose,95138,37.246063,-121.7495
1020,Willow Creek,95573,40.949013,-123.655846
1021,Rio Nido,95471,38.522327,-122.97932
1022,Brea,92823,33.924145,-117.79387
1023,Modesto,95356,37.716187,-121.02583
1024,Fountain Valley,92708,33.712036,-117.95011
1025,Santa Rosa,95409,38.46889,-122.580536
1026,Piru,93040,34.432842,-118.7301
1027,Covelo,95428,39.83307,-123.178764
1028,Pleasanton,94566,37.63336,-121.8624
1029,Blairsden Graeagle,96103,39.78375,-120.66103
1030,Homewood,96141,39.11702,-120.21253
1031,Van Nuys,91411,34.17847,-118.45947
1032,Salton City,92275,33.28156,-115.95554
1033,Amboy,92304,34.559883,-115.63716
1034,Castella,96017,41.12111,-122.33662
1035,Salinas,93905,36.667793,-121.6013
1036,Live Oak,95953,39.258747,-121.77697
1037,Tahoe City,96145,39.178337,-120.1628
1038,Campo,91906,32.673485,-116.47286
1039,Birds Landing,94512,38.14072,-121.838295
1040,San Francisco,94115,37.78603,-122.4373
1041,San Carlos,94070,37.497913,-122.267365
1042,Granada Hills,91344,34.29127,-118.505104
1043,Ventura,93004,34.278698,-119.1678
1044,Roseville,95661,38.736687,-121.25198
1045,Inglewood,90304,33.93683,-118.359825
1046,Earp,92242,34.13774,-114.36514
1047,Sun City,92587,33.69887,-117.25071
1048,Camptonville,95922,39.43213,-121.09929
1049,Clipper Mills,95930,39.56224,-121.14836
1050,Temple City,91780,34.10161,-118.05585
1051,Patterson,95363,37.410236,-121.320335
1052,Chula Vista,91910,32.63679,-117.05499
1053,San Francisco,94118,37.781303,-122.461525
1054,Hat Creek,96040,40.7898,-121.474525
1055,Oceanside,92056,33.19474,-117.29032
1056,Fresno,93726,36.793602,-119.76113
1057,Baker,92309,35.28952,-116.09222
1058,Three Rivers,93271,36.413433,-118.854706
1059,Porterville,93257,36.008957,-118.891594
1060,Oakland,94609,37.83434,-122.26437
1061,Littlerock,93543,34.505272,-117.955055
1062,Irvine,92602,33.72036,-117.73366
1063,Gualala,95445,38.848083,-123.50608
1064,Garden Grove,92845,33.782955,-118.02646
1065,Fresno,93721,36.732693,-119.78378
1066,Eagleville,96110,41.280342,-120.15038
1067,Buttonwillow,93206,35.4514,-119.48841
1068,Arbuckle,95912,38.982372,-122.04775
1069,Lookout,96054,41.28048,-121.16025
1070,Running Springs,92382,34.18621,-117.07683
1071,Sutter,95982,39.172775,-121.80585
1072,Bonita,91902,32.67117,-117.00232
1073,Sylmar,91342,34.32162,-118.39984
1074,Long Beach,90806,33.802666,-118.17997
1075,Woodland,95695,38.71967,-121.86242
1076,Weimar,95736,39.00978,-120.97827
1077,Yucaipa,92399,34.04597,-117.011826
1078,Big Bear City,92314,34.27897,-116.77383
1079,Brea,92821,33.9302,-117.8629
1080,San Rafael,94901,37.972664,-122.491455
1081,Dinuba,93618,36.52362,-119.38687
1082,Lucerne,95458,39.141933,-122.770676
1083,Santa Ana,92705,33.766003,-117.786766
1084,Anaheim,92804,33.818,-117.9744
1085,Oceanside,92057,33.254498,-117.28588
1086,Salinas,93906,36.722897,-121.63365
1087,Redondo Beach,90278,33.873394,-118.37019
1088,San Francisco,94109,37.794487,-122.42227
1089,Santa Fe Springs,90670,33.933563,-118.062614
1090,Sebastopol,95472,38.398815,-122.86192
1091,California City,93505,35.15149,-117.9276
1092,Santa Clarita,91350,34.502434,-118.41459
1093,Mammoth Lakes,93546,37.550076,-118.837166
1094,Inglewood,90303,33.93629,-118.33264
1095,Elk Creek,95939,39.53222,-122.59488
1096,Catheys Valley,95306,37.39441,-120.12726
1097,Stockton,95206,37.902424,-121.440025
1098,Miranda,95553,40.210896,-123.86
1099,North Fork,93643,37.24431,-119.47025
1100,Canoga Park,91304,34.224377,-118.63265
1101,Murrieta,92562,33.54887,-117.33417
1102,Roseville,95747,38.78433,-121.373245
1103,Woody,93287,35.710243,-118.881676
1104,San Bernardino,92405,34.142746,-117.300865
1105,Orinda,94563,37.873917,-122.20522
1106,San Juan Bautista,95045,36.81057,-121.50302
1107,Benton,93512,37.653946,-118.231445
1108,Thousand Oaks,91360,34.214054,-118.88109
1109,Ventura,93003,34.27922,-119.221436
1110,Riverside,92509,34.00438,-117.44786
1111,Torrance,90502,33.83318,-118.29206
1112,Blocksburg,95514,40.30909,-123.6682
1113,Ben Lomond,95005,37.078873,-122.090385
1114,Santa Maria,93458,34.95934,-120.49008
1115,Blythe,92225,33.674583,-114.71612
1116,Santa Ana,92706,33.765892,-117.88153
1117,March Air Reserve Base,92518,33.888325,-117.277534
1118,San Diego,92108,32.774048,-117.142456
1119,Lemon Cove,93244,36.46267,-118.99729
1120,Palo Alto,94303,37.45809,-122.115395
1121,Suisun City,94585,38.197906,-122.01726
1122,San Diego,92119,32.80296,-117.02709
1123,Glendale,91204,34.136307,-118.26036
1124,Bakersfield,93306,35.449883,-118.84144
1125,Lamont,93241,35.245033,-118.905556
1126,Bayside,95524,40.825485,-124.049484
1127,Hawaiian Gardens,90716,33.830433,-118.07407
1128,Compton,90220,33.88151,-118.23445
1129,Meridian,95957,39.06807,-121.83264
1130,Pope Valley,94567,38.672707,-122.40322
1131,Little River,95456,39.24591,-123.77214
1132,Berkeley,94703,37.863842,-122.27568
1133,Mount Laguna,91948,32.830853,-116.4446
1134,Chula Vista,91915,32.60501,-116.97595
1135,Bakersfield,93313,35.140938,-119.051346
1136,Termo,96132,41.027283,-120.669426
1137,Kernville,93238,35.852894,-118.39778
1138,Richmond,94801,37.94529,-122.38394
1139,Orosi,93647,36.600185,-119.17565
1140,West Sacramento,95605,38.592747,-121.54004
1141,Chualar,93925,36.59627,-121.442276
1142,Bloomington,92316,34.059723,-117.39104
1143,Kerman,93630,36.727417,-120.12353
1144,Newport Beach,92663,33.62251,-117.927025
1145,Simi Valley,93065,34.269447,-118.76847
1146,Dunnigan,95937,38.931423,-121.94608
1147,Traver,93673,36.456093,-119.48622
1148,Mcarthur,96056,41.10831,-121.36036
1149,Big Pine,93513,37.245506,-118.06294
1150,Novato,94945,38.1359,-122.56368
1151,Irvine,92612,33.643093,-117.8109
1152,Olancha,93549,36.296852,-117.86547
1153,San Mateo,94403,37.538307,-122.30511
1154,Hercules,94547,37.99126,-122.21494
1155,Los Angeles,90005,34.05928,-118.30742
1156,Raymond,93653,37.252056,-119.95783
1157,Tomales,94971,38.24077,-122.90104
1158,Mccloud,96057,41.251324,-122.10521
1159,Sloughhouse,95683,38.470425,-121.1149
1160,El Cajon,92020,32.79697,-116.969086
1161,Vallejo,94589,38.16132,-122.27159
1162,Vallejo,94590,38.104706,-122.24739
1163,Pacific Grove,93950,36.618336,-121.926414
1164,Hemet,92543,33.739414,-116.96834
1165,La Jolla,92037,32.853745,-117.25034
1166,Alleghany,95910,39.467827,-120.841385
1167,Fresno,93702,36.739384,-119.75365
1168,Long Beach,90813,33.781086,-118.19905
1169,Rancho Santa Fe,92067,33.012753,-117.200615
1170,Paso Robles,93446,35.63422,-120.72834
1171,Greenview,96037,41.52854,-122.95502
1172,Oceanside,92054,33.35106,-117.420555
1173,San Jose,95124,37.257065,-121.923035
1174,Orange,92865,33.828777,-117.8483
1175,Soda Springs,95728,39.279068,-120.414276
1176,Winton,95388,37.4213,-120.59959
1177,Mount Hamilton,95140,37.382908,-121.63415
1178,Los Angeles,90013,34.04464,-118.24041
1179,Fremont,94555,37.555473,-122.080315
1180,San Gabriel,91776,34.089928,-118.09564
1181,Los Banos,93635,36.995163,-120.9551
1182,Bonsall,92003,33.29091,-117.202896
1183,Riverside,92505,33.920906,-117.489426
1184,Lebec,93243,34.84586,-118.88516
1185,Mt Baldy,91759,34.23132,-117.66203
1186,Sacramento,95822,38.51257,-121.495186
1187,Huntington Beach,92646,33.6663,-117.9695
1188,Hayward,94542,37.656696,-122.04836
1189,Rancho Mirage,92270,33.76368,-116.42993
1190,Santa Cruz,95065,37.031403,-121.981865
1191,El Cerrito,94530,37.92484,-122.28915
1192,San Marino,91108,34.12267,-118.11291
1193,Kirkwood,95646,38.63149,-120.01517
1194,Caspar,95420,39.361282,-123.7846
1195,Hopland,95449,38.93706,-123.11811
1196,Torrance,90503,33.8404,-118.353714
1197,Platina,96076,40.367966,-122.93738
1198,Santa Rosa,95407,38.394093,-122.739815
1199,Rio Oso,95674,38.954144,-121.48254
1200,Mc Kittrick,93251,35.38381,-119.73089
1201,San Leandro,94578,37.704384,-122.1267
1202,Anaheim,92807,33.848732,-117.78836
1203,Sutter Creek,95685,38.432144,-120.77069
1204,Van Nuys,91405,34.202496,-118.44805
1205,Compton,90222,33.912247,-118.23677
1206,Morro Bay,93442,35.369553,-120.76386
1207,Stinson Beach,94970,37.92114,-122.65756
1208,Salyer,95563,40.89866,-123.53976
1209,Guadalupe,93434,34.936,-120.59466
1210,Winterhaven,92283,32.852947,-114.850784
1211,Vista,92083,33.17494,-117.24276
1212,Hemet,92545,33.734932,-117.04414
1213,Stirling City,95978,39.904003,-121.527824
1214,Santa Monica,90405,34.00544,-118.47751
1215,Fontana,92335,34.08756,-117.464096
1216,Reseda,91335,34.200176,-118.540955
1217,Downieville,95936,39.578793,-120.780785
1218,La Verne,91750,34.144703,-117.7703
1219,Orland,95963,39.748035,-122.30217
1220,Chula Vista,91911,32.607964,-117.059456
1221,Scott Bar,96085,41.73796,-123.07557
1222,Independence,93526,36.869583,-118.18924
1223,Napa,94559,38.232388,-122.32494
1224,Carlsbad,92009,33.09802,-117.2582
1225,Ballico,95303,37.4695,-120.67272
1226,Sacramento,95815,38.608406,-121.44994
1227,Sacramento,95828,38.48694,-121.395805
1228,Apple Valley,92308,34.424927,-117.1845
1229,Vallejo,94591,38.105732,-122.18634
1230,Mountain View,94041,37.388348,-122.0753
1231,San Francisco,94117,37.770535,-122.44512
1232,Los Altos,94022,37.349545,-122.13435
1233,Granite Bay,95746,38.749466,-121.1842
1234,Doyle,96109,40.012676,-120.10186
1235,Barstow,92311,34.96565,-117.00151
1236,Myers Flat,95554,40.26716,-123.805916
1237,Dulzura,91917,32.622997,-116.68786
1238,Knights Landing,95645,38.875507,-121.76587
1239,Sierraville,96126,39.559708,-120.34564
1240,Ontario,91764,34.074085,-117.60562
1241,San Francisco,94110,37.750023,-122.4152
1242,Browns Valley,95918,39.292336,-121.320595
1243,Angels Camp,95222,38.071327,-120.63222
1244,Murrieta,92563,33.581043,-117.14719
1245,Santa Paula,93060,34.402344,-119.094826
1246,Valencia,91354,34.457005,-118.57372
1247,Tollhouse,93667,36.993668,-119.34827
1248,Garden Valley,95633,38.852543,-120.83767
1249,Five Points,93624,36.397743,-120.11991
1250,Foresthill,95631,39.031876,-120.81114
1251,Hathaway Pines,95233,38.184914,-120.36408
1252,Sonoma,95476,38.25485,-122.4618
1253,Lake Isabella,93240,35.607876,-118.46632
1254,Kneeland,95549,40.664482,-123.865326
1255,Burlingame,94010,37.57028,-122.365776
1256,Whittier,90605,33.96089,-118.03222
1257,Yorba Linda,92886,33.89725,-117.792206
1258,San Jose,95135,37.28682,-121.72388
1259,Sacramento,95827,38.549187,-121.328384
1260,Williams,95987,39.11754,-122.28465
1261,Wishon,93669,37.287758,-119.54816
1262,Yucca Valley,92284,34.159534,-116.42599
1263,Alpine,91901,32.827183,-116.70373
1264,Paicines,95043,36.525703,-120.952126
1265,Pollock Pines,95726,38.73391,-120.453415
1266,Reedley,93654,36.63664,-119.421844
1267,Maxwell,95955,39.281193,-122.22657
1268,Danville,94506,37.79148,-121.90325
1269,New Cuyama,93254,34.956577,-119.750145
1270,Crockett,94525,38.049294,-122.22842
1271,Fontana,92337,34.04967,-117.468895
1272,Redwood Valley,95470,39.298065,-123.25211
1273,Strathmore,93267,36.14132,-119.129074
1274,Rocklin,95765,38.823277,-121.28185
1275,Yorba Linda,92887,33.88407,-117.7322
1276,Trabuco Canyon,92679,33.63112,-117.567345
1277,Belmont,94002,37.509365,-122.30613
1278,Palmdale,93550,34.536232,-118.08293
1279,San Bruno,94066,37.624435,-122.430664
1280,Sacramento,95837,38.69161,-121.60229
1281,San Jose,95136,37.27094,-121.85104
1282,Citrus Heights,95610,38.69508,-121.271614
1283,Mill Creek,96061,40.331974,-121.46067
1284,Coulterville,95311,37.722126,-120.110176
1285,Lakeside,92040,32.909874,-116.90678
1286,Raisin City,93652,36.594543,-119.90524
1287,Borrego Springs,92004,33.20037,-116.192314
1288,Taft,93268,35.184837,-119.40253
1289,Inglewood,90302,33.97533,-118.355255
1290,Petrolia,95558,40.274303,-124.2109
1291,San Francisco,94129,37.797527,-122.46453
1292,Sunol,94586,37.587494,-121.862854
1293,Bridgeville,95526,40.37253,-123.52563
1294,Berkeley,94710,37.872902,-122.30371
1295,Bakersfield,93312,35.392597,-119.24534
1296,San Andreas,95249,38.1965,-120.61689
1297,Dobbins,95935,39.381172,-121.21191
1298,Playa Del Rey,90293,33.947304,-118.43984
1299,Concord,94521,37.97142,-121.971504
1300,San Francisco,94123,37.800255,-122.43697
1301,Blue Lake,95525,40.94338,-123.8318
1302,Los Angeles,90027,34.127193,-118.29565
1303,Lakeport,95453,39.080467,-122.95518
1304,Huron,93234,36.217865,-120.08012
1305,Linden,95236,38.047745,-121.0305
1306,Scotia,95565,40.440636,-124.09874
1307,Newark,94560,37.50413,-122.03235
1308,El Monte,91731,34.079933,-118.04669
1309,Glennville,93226,35.735695,-118.73848
1310,San Diego,92131,32.89325,-117.08709
1311,Jackson,95642,38.336216,-120.76901
1312,Fowler,93625,36.625793,-119.672485
1313,Los Osos,93402,35.279984,-120.82429
1314,Travis Afb,94535,38.2659,-121.93946
1315,Bolinas,94924,37.94309,-122.72379
1316,Indio,92201,33.71389,-116.23726
1317,San Quentin,94964,37.94255,-122.491646
1318,Lincoln,95648,38.922813,-121.312004
1319,Ravendale,96123,40.845737,-120.32222
1320,Princeton,95970,39.424957,-122.03931
1321,King City,93930,36.22076,-120.980774
1322,Redwood City,94063,37.499413,-122.19632
1323,Emigrant Gap,95715,39.23754,-120.7202
1324,Ukiah,95482,39.134075,-123.23422
1325,San Francisco,94111,37.801777,-122.40229
1326,Alturas,96101,41.468876,-120.54229
1327,Carmel By The Sea,93921,36.55462,-121.92224
1328,Sausalito,94965,37.84864,-122.51569
1329,Sierra Madre,91024,34.168686,-118.0575
1330,San Jose,95132,37.424656,-121.74841
1331,San Bernardino,92407,34.25007,-117.39395
1332,Idyllwild,92549,33.75504,-116.7418
1333,Marshall,94940,38.129307,-122.834816
1334,Rancho Cucamonga,91701,34.132275,-117.61148
1335,Los Angeles,90031,34.085808,-118.20662
1336,Sacramento,95826,38.542534,-121.37882
1337,Sacramento,95824,38.517296,-121.43982
1338,Nuevo,92567,33.82769,-117.10224
1339,San Jose,95128,37.316147,-121.93629
1340,Adelanto,92301,34.667816,-117.53619
1341,Mill Valley,94941,37.90137,-122.57202
1342,Willits,95490,39.492046,-123.37582
1343,Walnut Grove,95690,38.240417,-121.58753
1344,Los Angeles,90008,34.008293,-118.34676
1345,Lakewood,90715,33.841026,-118.078094
1346,Ducor,93218,35.846066,-119.004074
1347,Glendora,91740,34.11936,-117.85506
1348,Nubieber,96068,41.082474,-121.19521
1349,Bieber,96009,41.083466,-121.107925
1350,Corte Madera,94925,37.924015,-122.511696
1351,Markleeville,96120,38.73579,-119.85798
1352,Northridge,91324,34.23821,-118.55029
1353,La Crescenta,91214,34.239635,-118.24526
1354,Philo,95466,39.0941,-123.500854
1355,Saint Helena,94574,38.581352,-122.29628
1356,Brownsville,95919,39.440685,-121.26358
1357,San Bernardino,92411,34.1225,-117.32014
1358,Nipton,92364,35.478737,-115.51698
1359,Berkeley,94707,37.897755,-122.27939
1360,Witter Springs,95493,39.222324,-122.98549
1361,Tustin,92782,33.738544,-117.78505
1362,Twentynine Palms,92278,34.45783,-116.13959
1363,Rowland Heights,91748,33.976753,-117.89737
1364,La Honda,94020,37.28568,-122.22417
1365,Homeland,92548,33.761894,-117.120865
1366,Trinity Center,96091,41.08185,-122.70055
1367,Hughson,95326,37.5923,-120.85329
1368,Anaheim,92806,33.83796,-117.87049
1369,Seiad Valley,96086,41.924175,-123.26079
1370,Union City,94587,37.59485,-122.05152
1371,Selma,93662,36.545322,-119.64228
1372,San Luis Obispo,93405,35.23655,-120.72734
1373,Marina,93933,36.689583,-121.7584
1374,Tahoma,96142,39.061226,-120.17954
1375,Newcastle,95658,38.883224,-121.15918
1376,Corning,96021,39.913776,-122.289986
1377,Irvine,92614,33.6803,-117.8333
1378,Geyserville,95441,38.73177,-123.06427
1379,Ripon,95366,37.75078,-121.13238
1380,Tehama,96090,40.021786,-122.12758
1381,Berkeley,94704,37.871414,-122.2466
1382,Calabasas,91302,34.13086,-118.68346
1383,Yuba City,95993,39.075695,-121.70606
1384,Oakland,94610,37.80873,-122.23871
1385,Glendora,91741,34.14649,-117.849815
1386,Huntington Beach,92648,33.67966,-118.0162
1387,Nipomo,93444,35.050346,-120.4896
1388,Los Angeles,90011,34.00709,-118.25868
1389,Paynes Creek,96075,40.343212,-121.815414
1390,Echo Lake,95721,38.85184,-120.0762
1391,Dillon Beach,94929,38.24458,-122.95627
1392,Long Beach,90803,33.76046,-118.12972
1393,Bella Vista,96008,40.722733,-122.109665
1394,Canoga Park,91303,34.19829,-118.6022
1395,San Jose,95121,37.30468,-121.80995
1396,California Hot Springs,93207,35.865795,-118.69759
1397,Brooks,95606,38.809803,-122.24139
1398,Lagunitas,94938,38.02177,-122.69174
1399,Lytle Creek,92358,34.238163,-117.53431
1400,Avenal,93204,35.916943,-120.12992
1401,Glencoe,95232,38.358463,-120.57931
1402,Long Beach,90814,33.77161,-118.14387
1403,Fresno,93720,36.878708,-119.7645
1404,Walnut Creek,94595,37.86213,-122.075195
1405,Long Barn,95335,38.109123,-120.0786
1406,Bass Lake,93604,37.458366,-119.34501
1407,Arcadia,91006,34.137318,-118.02984
1408,Oakland,94607,37.80707,-122.2974
1409,Courtland,95615,38.311607,-121.55403
1410,Hermosa Beach,90254,33.86532,-118.39634
1411,Millville,96062,40.531258,-122.14814
1412,Atwater,95301,37.32123,-120.65636
1413,Los Altos,94024,37.352913,-122.093
1414,Hanford,93230,36.29223,-119.62267
1415,Los Angeles,90019,34.049843,-118.33846
1416,Warner Springs,92086,33.323704,-116.62691
1417,Escalon,95320,37.818542,-121.006905
1418,Sacramento,95841,38.660442,-121.34632
1419,Santa Maria,93455,34.818226,-120.418785
1420,Modesto,95350,37.671806,-121.007576
1421,Shingletown,96088,40.49744,-121.82752
1422,Thousand Oaks,91362,34.19184,-118.8228
1423,Los Angeles,90061,33.92128,-118.274185
1424,Berkeley,94708,37.897743,-122.26312
1425,West Hills,91307,34.199787,-118.68493
1426,Carlsbad,92008,33.148117,-117.306046
1427,Sunland,91040,34.282703,-118.31293
1428,La Canada Flintridge,91011,34.234913,-118.15373
1429,Santa Cruz,95060,36.99345,-122.09886
1430,Tracy,95376,37.68097,-121.44605
1431,Bakersfield,93311,35.16207,-119.19449
1432,Rio Linda,95673,38.688763,-121.457596
1433,Moreno Valley,92555,33.90736,-117.10997
1434,San Diego,92102,32.716007,-117.11746
1435,Forest Falls,92339,34.0677,-116.90389
1436,Oakland,94605,37.75802,-122.13868
1437,San Francisco,94122,37.76041,-122.48496
1438,San Pedro,90731,33.736385,-118.28436
1439,San Jose,95125,37.294926,-121.89476
1440,Manhattan Beach,90266,33.889633,-118.39737
1441,Rialto,92376,34.109776,-117.37891
1442,Daggett,92327,34.875145,-116.8217
1443,Davis Creek,96108,41.750355,-120.403885
1444,Santa Monica,90404,34.026333,-118.47422
1445,Joshua Tree,92252,34.167236,-116.28151
1446,Oak View,93022,34.404545,-119.30212
1447,Los Angeles,90006,34.04801,-118.29395
1448,Palm Desert,92260,33.6945,-116.41271
1449,Beaumont,92223,33.946983,-116.97767
1450,Whittier,90603,33.945316,-117.992065
1451,Elmira,95625,38.349194,-121.90295
1452,Durham,95938,39.60783,-121.77796
1453,Albany,94706,37.890274,-122.29519
1454,French Camp,95231,37.873283,-121.29203
1455,Salinas,93901,36.64152,-121.622185
1456,Larkspur,94939,37.93708,-122.53237
1457,Irvine,92606,33.703976,-117.82417
1458,Fresno,93701,36.749405,-119.787575
1459,Olema,94950,38.052208,-122.775566
1460,Casmalia,93429,34.86603,-120.536545
1461,Fields Landing,95537,40.726948,-124.21738
1462,Galt,95632,38.274452,-121.2592
1463,Litchfield,96117,40.50727,-120.33823
1464,Loyalton,96118,39.63747,-120.22634
1465,Tupman,93276,35.31626,-119.40256
1466,Moreno Valley,92557,33.97066,-117.255035
1467,Santa Barbara,93108,34.457542,-119.63107
1468,Llano,93544,34.50009,-117.76586
1469,Van Nuys,91401,34.178482,-118.43179
1470,Quincy,95971,39.97123,-121.04117
1471,Dunsmuir,96025,41.212696,-122.39207
1472,San Francisco,94131,37.7467,-122.44283
1473,Greenfield,93927,36.248707,-121.38662
1474,Pismo Beach,93449,35.16567,-120.655846
1475,Oakland,94606,37.79249,-122.244316
1476,Arroyo Grande,93420,35.176235,-120.483246
1477,Macdoel,96058,41.76971,-121.92063
1478,Pico Rivera,90660,33.989525,-118.0893
1479,Wildomar,92595,33.617107,-117.25335
1480,Springville,93265,36.245926,-118.69314
1481,Crestline,92325,34.248062,-117.29028
1482,El Cajon,92019,32.785164,-116.86265
1483,Sugarloaf,92386,34.243088,-116.83002
1484,Pleasant Hill,94523,37.95338,-122.07689
1485,Avalon,90704,33.391182,-118.4213
1486,Penngrove,94951,38.3256,-122.64235
1487,Los Angeles,90002,33.949257,-118.24698
1488,Montclair,91763,34.07212,-117.69832
1489,Lake Elsinore,92532,33.705837,-117.31821
1490,Sacramento,95825,38.590034,-121.41245
1491,Arvin,93203,35.116306,-118.81764
1492,North San Juan,95960,39.423046,-120.984474
1493,Eldridge,95431,38.348885,-122.51699
1494,Soulsbyville,95372,37.990574,-120.26182
1495,Summerland,93067,34.420998,-119.60137
1496,San Fernando,91340,34.286133,-118.43597
1497,Fair Oaks,95628,38.652065,-121.25441
1498,Santa Ana,92704,33.719868,-117.90707
1499,Frazier Park,93222,34.90791,-119.23428
1500,Los Angeles,90042,34.11572,-118.19276
1501,Annapolis,95412,38.731056,-123.31655
1502,San Jose,95120,37.186142,-121.84355
1503,Fillmore,93015,34.40816,-118.86511
1504,Portola Valley,94028,37.36971,-122.21584
1505,Laguna Beach,92651,33.570023,-117.77367
1506,Valley Springs,95252,38.15697,-120.84923
1507,San Francisco,94105,37.78917,-122.39501
1508,Gustine,95322,37.147198,-121.12016
1509,Pinole,94564,37.996464,-122.29372
1510,Lake Arrowhead,92352,34.2565,-117.19335
1511,Lower Lake,95457,38.925545,-122.54908
1512,Los Angeles,90022,34.02381,-118.156586
1513,Palo Alto,94304,37.38698,-122.17775
1514,Gazelle,96034,41.411316,-122.697235
1515,Potter Valley,95469,39.408634,-123.04552
1516,San Jose,95134,37.42765,-121.94542
1517,Redondo Beach,90277,33.830452,-118.38457
1518,Laguna Hills,92653,33.6069,-117.71786
1519,O Neals,93645,37.140102,-119.65709
1520,Clayton,94517,37.881844,-121.848114
1521,Pomona,91768,34.067932,-117.78517
1522,Delano,93215,35.772243,-119.20969
1523,Lockeford,95237,38.16679,-121.14207
1524,Sherman Oaks,91423,34.146957,-118.43214
1525,Silverado,92676,33.782345,-117.63526
1526,Calipatria,92233,33.143826,-115.49748
1527,Moss Landing,95039,36.863304,-121.78163
1528,Mountain Ranch,95246,38.264263,-120.51514
1529,San Francisco,94121,37.77672,-122.49578
1530,Lancaster,93536,34.741405,-118.38111
1531,Oxnard,93030,34.223244,-119.18012
1532,Occidental,95465,38.415005,-122.998726
1533,Palo Alto,94306,37.41616,-122.13134
1534,Hornbrook,96044,41.962128,-122.527695
1535,Rosamond,93560,34.903053,-118.41125
1536,Stratford,93266,36.175255,-119.813805
1537,Topaz,96133,38.63605,-119.48916
1538,Huntington Beach,92647,33.72358,-118.00544
1539,Holtville,92250,32.811,-115.15286
1540,Keyes,95328,37.55563,-120.91165
1541,Los Angeles,90016,34.02833,-118.35434
1542,Esparto,95627,38.83447,-122.12719
1543,San Geronimo,94963,38.00474,-122.66372
1544,Cardiff By The Sea,92007,33.015865,-117.272255
1545,Moraga,94556,37.827946,-122.107185
1546,Mountain Center,92561,33.638645,-116.55783
1547,Hacienda Heights,91745,33.99847,-117.973755
1548,Burbank,91505,34.174213,-118.345924
1549,Grand Terrace,92313,34.029175,-117.30721
1550,Twain,95984,40.022182,-121.062386
1551,Spring Valley,91978,32.730263,-116.950966
1552,Oakland,94602,37.803883,-122.20842
1553,San Diego,92114,32.707893,-117.05512
1554,San Francisco,94124,37.731506,-122.38453
1555,Caliente,93518,35.35895,-118.52706
1556,Laguna Niguel,92677,33.529045,-117.70117
1557,Fremont,94538,37.505768,-121.96247
1558,Glendale,91205,34.13658,-118.24584
1559,Sacramento,95864,38.585827,-121.37627
1560,Palm Springs,92262,33.83999,-116.65922
1561,Anaheim,92802,33.807865,-117.92378
1562,Applegate,95703,38.983387,-120.988815
1563,Laton,93242,36.444233,-119.718285
1564,Duncans Mills,95430,38.445602,-123.06376
1565,San Francisco,94103,37.773148,-122.411285
1566,Sacramento,95838,38.646095,-121.44244
1567,Helm,93627,36.52054,-120.11806
1568,Santa Barbara,93110,34.437946,-119.77191
1569,Newbury Park,91320,34.17207,-118.94626
1570,Oroville,95966,39.473896,-121.415924
1571,San Jose,95127,37.375156,-121.79587
1572,El Nido,95317,37.127384,-120.506424
1573,Sacramento,95842,38.687366,-121.34848
1574,Chula Vista,91914,32.688507,-116.93863
1575,Lemoore,93245,36.303665,-119.82566
1576,Madeline,96119,41.042004,-120.50609
1577,Los Alamos,93440,34.758698,-120.27584
1578,Gardena,90249,33.90139,-118.3157
1579,Montebello,90640,34.015217,-118.10996
1580,Santa Maria,93454,34.943523,-120.25673
1581,Auberry,93602,36.99176,-119.242874
1582,Davenport,95017,37.114334,-122.23716
1583,Rocklin,95677,38.7904,-121.23698
1584,Valley Center,92082,33.25283,-116.98608
1585,Camarillo,93012,34.205505,-118.99311
1586,Goodyears Bar,95944,39.564114,-120.868835
1587,Fontana,92336,34.136368,-117.4608
1588,Red Bluff,96080,40.18677,-122.38836
1589,Manteca,95336,37.83027,-121.20102
1590,Rialto,92377,34.156757,-117.404686
1591,Carmichael,95608,38.62613,-121.32801
1592,Loleta,95551,40.66595,-124.24005
1593,Crescent Mills,95934,40.08034,-120.9578
1594,Solana Beach,92075,33.001812,-117.263626
1595,Antioch,94509,37.980057,-121.8016
1596,Fort Bidwell,96112,41.932205,-120.13594
1597,Yountville,94599,38.42146,-122.36505
1598,Roseville,95678,38.75975,-121.28854
1599,Valencia,91355,34.43987,-118.64461
1600,Wofford Heights,93285,35.690536,-118.55279
1601,Villa Park,92861,33.817474,-117.81046
1602,Merced,95340,37.25564,-120.49354
1603,Glendale,91203,34.15334,-118.26298
1604,Oakland,94603,37.739113,-122.175606
1605,Pacifica,94044,37.57363,-122.45517
1606,Chico,95928,39.681488,-121.83721
1607,Corona,92882,33.819386,-117.60021
1608,Long Beach,90808,33.823944,-118.111336
1609,Indian Wells,92210,33.537647,-116.29109
1610,Earlimart,93219,35.858055,-119.305855
1611,Fullerton,92832,33.868317,-117.92903
1612,Mineral,96063,40.408794,-121.57961
1613,Tranquillity,93668,36.635662,-120.28864
1614,Sacramento,95819,38.567593,-121.43751
1615,Sun City,92586,33.70748,-117.200005
1616,Vina,96092,39.955166,-122.01857
1617,Paskenta,96074,39.884396,-122.58752
1618,Green Valley Lake,92341,34.24441,-117.072655
1619,Visalia,93292,36.37559,-119.21169
1620,Watsonville,95076,36.931656,-121.75238
1621,Burson,95225,38.183918,-120.89882
1622,Salinas,93908,36.624336,-121.61567
1623,South Lake Tahoe,96150,38.911575,-120.10617
1624,Jacumba,91934,32.649788,-116.2237
1625,Carpinteria,93013,34.4414,-119.51316
1626,Meadow Valley,95956,39.937016,-121.058044
